<?xml version="1.0" encoding="UTF-8"?>
<project-private xmlns="http://www.netbeans.org/ns/project-private/1">
    <editor-bookmarks xmlns="http://www.netbeans.org/ns/editor-bookmarks/2" lastBookmarkId="0"/>
    <open-files xmlns="http://www.netbeans.org/ns/projectui-open-files/2">
        <group>
            <file>file:/C:/Users/ragno/Documents/NetBeansProjects/RealEstateWebApplications/RealEstateWebApplication/src/java/model/Property.java</file>
            <file>file:/C:/Users/ragno/Documents/NetBeansProjects/RealEstateWebApplications/RealEstateWebApplication/web/home.jsp</file>
            <file>file:/C:/Users/ragno/Documents/NetBeansProjects/RealEstateWebApplications/RealEstateWebApplication/src/java/model/Buyer.java</file>
            <file>file:/C:/Users/ragno/Documents/NetBeansProjects/RealEstateWebApplications/RealEstateWebApplication/src/java/model/User.java</file>
            <file>file:/C:/Users/ragno/Documents/NetBeansProjects/RealEstateWebApplications/RealEstateWebApplication/src/java/model/PropertyInterest.java</file>
            <file>file:/C:/Users/ragno/Documents/NetBeansProjects/RealEstateWebApplications/RealEstateWebApplication/web/buyer-dashboard.jsp</file>
            <file>file:/C:/Users/ragno/Documents/NetBeansProjects/RealEstateWebApplications/RealEstateWebApplication/src/java/util/Database_Util.java</file>
        </group>
    </open-files>
</project-private>
